Imputer,Accuracy,Recall_Class_1,Precision_Class_1,F1_Class_1,Pi_Diff_Class_1
Mode Imputer,0.7631578947368421,0.9454545454545454,0.7761194029850746,0.8524590163934426,0.0717703349282296
KNN Imputer (k=5),0.8026315789473685,0.9272727272727272,0.8225806451612904,0.8717948717948718,0.09210526315789469
Random Forest Imputer,0.7368421052631579,0.8727272727272727,0.7868852459016393,0.8275862068965517,0.07894736842105265
EM-GMM Imputer,0.75,0.8,0.8461538461538461,0.822429906542056,0.017226779721562724
