Imputer,Accuracy,Recall_Class_0,Recall_Class_1,Precision_Class_1,F1_Class_1,TP,FP,TN,FN,Pi_Estimated,Pi_Empirical,Pi_Diff_Class_1
Mode Imputer,0.7631578947368421,0.2857142857142857,0.9454545454545454,0.7761194029850746,0.8524590163934426,52,15,6,3,0.7954545454545454,0.881578947368421,0.0717703349282296
KNN Imputer (k=5),0.7894736842105263,0.42857142857142855,0.9272727272727272,0.8095238095238095,0.864406779661017,51,12,9,4,0.8289473684210527,0.8289473684210527,0.10526315789473684
Random Forest Imputer,0.8026315789473685,0.47619047619047616,0.9272727272727272,0.8225806451612904,0.8717948717948718,51,11,10,4,0.8157894736842105,0.8157894736842105,0.09210526315789469
EM-GMM Imputer,0.6973684210526315,0.5238095238095238,0.7636363636363637,0.8076923076923077,0.7850467289719626,42,10,11,13,0.7020124756308969,0.6842105263157895,0.02167173489541896
