Imputer,Accuracy,Recall_Class_1,Precision_Class_1,F1_Class_1,Pi_Diff_Class_1
Mode Imputer,0.7631578947368421,0.9454545454545454,0.7761194029850746,0.8524590163934426,0.0717703349282296
KNN Imputer (k=5),0.7894736842105263,0.9272727272727272,0.8095238095238095,0.864406779661017,0.10526315789473684
Random Forest Imputer,0.8026315789473685,0.9272727272727272,0.8225806451612904,0.8717948717948718,0.09210526315789469
EM-GMM Imputer,0.6973684210526315,0.7636363636363637,0.8076923076923077,0.7850467289719626,0.021671767414263687
