Imputer,Accuracy,Recall_Class_0,Recall_Class_1,Precision_Class_1,F1_Class_1,TP,FP,TN,FN,Pi_Estimated,Pi_Empirical,Pi_Diff_Class_1
Mode Imputer,0.7631578947368421,0.2857142857142857,0.9454545454545454,0.7761194029850746,0.8524590163934426,52,15,6,3,0.7954545454545454,0.881578947368421,0.0717703349282296
KNN Imputer (k=5),0.881578947368421,0.7619047619047619,0.9272727272727272,0.9107142857142857,0.918918918918919,51,5,16,4,0.7368421052631579,0.7368421052631579,0.013157894736842035
Random Forest Imputer,0.8157894736842105,0.5238095238095238,0.9272727272727272,0.8360655737704918,0.8793103448275862,51,10,11,4,0.8026315789473685,0.8026315789473685,0.07894736842105265
EM-GMM Imputer,0.7631578947368421,0.2857142857142857,0.9454545454545454,0.7761194029850746,0.8524590163934426,52,15,6,3,0.881578947368421,0.881578947368421,0.1578947368421052
